Student_ID,Name,Subject,Semester,Score,Grade
S0001,Julia Taylor,Computer Science,Fall,86,B
S0002,Emma Davis,Chemistry,Fall,86,B
S0003,David Smith,Science,Spring,53,F
S0004,Emma Johnson,Physics,Spring,67,D
S0005,George Smith,Computer Science,Spring,81,B
S0006,David Wilson,Physics,Spring,60,D
S0007,Julia Davis,Economics,Fall,47,F
S0008,Bob Brown,Computer Science,Fall,41,F
S0009,Fiona Brown,Science,Fall,78,C
S0010,Emma Wilson,Biology,Spring,89,B
S0011,David Thomas,Computer Science,Fall,90,A
S0012,Hannah Wilson,Biology,Fall,53,F
S0013,Emma Smith,English,Fall,43,F
S0014,Ian Moore,Math,Spring,52,F
S0015,George Moore,Economics,Fall,90,A
S0016,Charlie Thomas,Computer Science,Fall,99,A
S0017,Julia Taylor,Chemistry,Fall,50,F
S0018,George Moore,Economics,Spring,100,A
S0019,Hannah Wilson,Economics,Spring,89,B
S0020,Bob Taylor,Psychology,Fall,95,A
S0021,Bob Taylor,English,Fall,93,A
S0022,Ian Johnson,Chemistry,Spring,53,F
S0023,Emma Brown,Math,Spring,78,C
S0024,Emma Smith,Biology,Spring,77,C
S0025,George Thomas,Biology,Spring,55,F
S0026,George Miller,Science,Fall,55,F
S0027,Alice Smith,Psychology,Spring,44,F
S0028,Julia Miller,Biology,Spring,85,B
S0029,Bob Thomas,Computer Science,Fall,62,D
S0030,Bob Davis,Biology,Fall,44,F
S0031,Emma Taylor,Physics,Spring,70,C
S0032,Julia Davis,History,Fall,90,A
S0033,Charlie Smith,Economics,Fall,90,A
S0034,Charlie Thomas,Economics,Spring,60,D
S0035,Charlie Moore,Biology,Spring,64,D
S0036,George Moore,Math,Spring,76,C
S0037,Bob Wilson,Math,Spring,76,C
S0038,Ian Taylor,Science,Fall,98,A
S0039,Emma Thomas,Computer Science,Spring,61,D
S0040,George Moore,Computer Science,Fall,70,C
S0041,Emma Thomas,Computer Science,Fall,64,D
S0042,Alice Taylor,Biology,Spring,86,B
S0043,Hannah Anderson,Biology,Fall,51,F
S0044,Hannah Anderson,History,Fall,53,F
S0045,Emma Smith,History,Fall,81,B
S0046,Bob Thomas,History,Spring,62,D
S0047,Emma Brown,English,Fall,70,C
S0048,Fiona Miller,History,Spring,58,F
S0049,Ian Johnson,Math,Fall,43,F
S0050,George Thomas,English,Fall,86,B
S0051,Hannah Moore,History,Spring,73,C
S0052,Fiona Davis,History,Spring,51,F
S0053,Emma Davis,Physics,Spring,62,D
S0054,Bob Brown,Computer Science,Fall,73,C
S0055,David Taylor,Computer Science,Spring,61,D
S0056,Bob Miller,English,Fall,81,B
S0057,David Moore,Computer Science,Fall,98,A
S0058,Emma Davis,History,Spring,87,B
S0059,Alice Moore,Physics,Fall,64,D
S0060,Emma Johnson,Math,Fall,45,F
S0061,Hannah Johnson,Chemistry,Fall,42,F
S0062,Charlie Anderson,Biology,Spring,88,B
S0063,Emma Brown,Chemistry,Fall,54,F
S0064,Fiona Anderson,English,Fall,41,F
S0065,Emma Anderson,Chemistry,Spring,70,C
S0066,Bob Johnson,Psychology,Spring,49,F
S0067,Hannah Smith,Physics,Spring,80,B
S0068,Julia Brown,Chemistry,Spring,51,F
S0069,Ian Brown,Physics,Fall,42,F
S0070,Emma Wilson,Economics,Spring,58,F
S0071,Fiona Johnson,Physics,Fall,82,B
S0072,Alice Miller,Chemistry,Spring,46,F
S0073,George Anderson,English,Spring,81,B
S0074,Alice Miller,Physics,Fall,60,D
S0075,Hannah Thomas,English,Fall,95,A
S0076,Hannah Johnson,English,Fall,87,B
S0077,Hannah Anderson,Computer Science,Fall,90,A
S0078,Julia Johnson,Chemistry,Spring,91,A
S0079,Charlie Brown,English,Fall,63,D
S0080,Julia Wilson,Computer Science,Fall,64,D
S0081,Hannah Johnson,Science,Fall,77,C
S0082,Julia Thomas,Psychology,Spring,100,A
S0083,George Anderson,Math,Spring,100,A
S0084,Ian Anderson,Chemistry,Spring,76,C
S0085,Ian Taylor,Biology,Spring,79,C
S0086,Emma Wilson,Biology,Spring,66,D
S0087,Alice Miller,Economics,Fall,57,F
S0088,Alice Miller,Physics,Spring,79,C
S0089,Ian Thomas,Math,Spring,76,C
S0090,Emma Johnson,Psychology,Fall,66,D
S0091,Emma Thomas,Psychology,Spring,75,C
S0092,David Taylor,History,Fall,80,B
S0093,Ian Taylor,Science,Fall,98,A
S0094,Fiona Miller,Science,Fall,90,A
S0095,Ian Moore,Math,Fall,75,C
S0096,David Taylor,Math,Spring,46,F
S0097,Emma Miller,Physics,Fall,99,A
S0098,Fiona Miller,Psychology,Fall,52,F
S0099,Charlie Wilson,Psychology,Spring,49,F
S0100,Fiona Smith,Science,Spring,86,B
S0101,Alice Miller,English,Spring,80,B
S0102,Julia Taylor,Biology,Fall,66,D
S0103,David Thomas,Biology,Spring,77,C
S0104,David Brown,Physics,Fall,60,D
S0105,Hannah Johnson,English,Spring,71,C
S0106,Julia Smith,English,Fall,45,F
S0107,David Smith,Physics,Fall,54,F
S0108,Charlie Miller,English,Spring,96,A
S0109,Hannah Davis,English,Spring,40,F
S0110,Charlie Smith,History,Spring,48,F
S0111,Julia Anderson,Math,Fall,48,F
S0112,Ian Davis,Science,Spring,84,B
S0113,Bob Wilson,Psychology,Spring,89,B
S0114,David Thomas,Math,Fall,79,C
S0115,Bob Smith,Psychology,Spring,62,D
S0116,Julia Davis,Biology,Fall,96,A
S0117,Fiona Wilson,Computer Science,Spring,80,B
S0118,Julia Smith,Physics,Fall,54,F
S0119,George Davis,Chemistry,Fall,98,A
S0120,George Brown,Computer Science,Fall,63,D
S0121,Bob Brown,Computer Science,Spring,70,C
S0122,Bob Johnson,History,Spring,85,B
S0123,David Davis,Biology,Fall,40,F
S0124,Emma Taylor,Chemistry,Spring,92,A
S0125,Ian Brown,History,Spring,48,F
S0126,Ian Taylor,Chemistry,Fall,74,C
S0127,David Moore,History,Fall,40,F
S0128,Alice Taylor,History,Fall,54,F
S0129,Emma Johnson,History,Spring,46,F
S0130,Alice Smith,Economics,Fall,63,D
S0131,Fiona Johnson,English,Fall,56,F
S0132,Charlie Davis,Chemistry,Spring,58,F
S0133,Fiona Johnson,Economics,Fall,79,C
S0134,Hannah Moore,Biology,Fall,45,F
S0135,Bob Miller,Chemistry,Spring,45,F
S0136,Alice Brown,Psychology,Spring,82,B
S0137,Fiona Smith,Math,Spring,51,F
S0138,George Thomas,Economics,Spring,77,C
S0139,Hannah Moore,English,Spring,51,F
S0140,David Wilson,Psychology,Fall,90,A
S0141,Alice Smith,Math,Fall,41,F
S0142,George Anderson,Economics,Fall,60,D
S0143,Bob Miller,Math,Spring,100,A
S0144,Julia Johnson,History,Spring,98,A
S0145,David Brown,Chemistry,Fall,88,B
S0146,Fiona Davis,Physics,Fall,67,D
S0147,Fiona Anderson,Computer Science,Spring,85,B
S0148,Emma Thomas,Math,Spring,74,C
S0149,Fiona Johnson,Biology,Fall,40,F
S0150,Charlie Moore,History,Spring,89,B
S0151,Hannah Brown,Economics,Spring,40,F
S0152,Bob Miller,English,Spring,55,F
S0153,David Miller,History,Spring,79,C
S0154,Emma Taylor,Math,Spring,63,D
S0155,Alice Anderson,Economics,Spring,95,A
S0156,Hannah Wilson,Physics,Fall,76,C
S0157,Hannah Anderson,Chemistry,Spring,50,F
S0158,Emma Davis,Math,Fall,50,F
S0159,Emma Wilson,Physics,Fall,87,B
S0160,Alice Moore,Physics,Spring,86,B
S0161,Julia Brown,History,Spring,53,F
S0162,David Anderson,Biology,Spring,80,B
S0163,Charlie Taylor,Math,Spring,63,D
S0164,Fiona Davis,Biology,Spring,68,D
S0165,Julia Thomas,Computer Science,Fall,58,F
S0166,Fiona Miller,Psychology,Spring,64,D
S0167,Alice Thomas,Chemistry,Spring,97,A
S0168,Bob Brown,Physics,Spring,69,D
S0169,Emma Wilson,Physics,Spring,70,C
S0170,Emma Johnson,Math,Spring,79,C
S0171,Charlie Davis,Science,Fall,52,F
S0172,Fiona Davis,Psychology,Fall,79,C
S0173,Emma Wilson,English,Fall,50,F
S0174,Ian Thomas,Math,Fall,86,B
S0175,Ian Brown,Psychology,Spring,77,C
S0176,Julia Brown,Math,Fall,68,D
S0177,Ian Brown,Science,Spring,56,F
S0178,Bob Brown,Computer Science,Spring,47,F
S0179,Alice Taylor,Chemistry,Spring,74,C
S0180,Bob Johnson,Economics,Spring,51,F
S0181,Fiona Anderson,Psychology,Fall,96,A
S0182,Hannah Brown,Computer Science,Spring,49,F
S0183,Bob Davis,Chemistry,Fall,97,A
S0184,Charlie Davis,Computer Science,Fall,70,C
S0185,George Brown,English,Spring,42,F
S0186,Charlie Moore,Economics,Fall,51,F
S0187,Emma Davis,Science,Spring,69,D
S0188,George Moore,English,Fall,85,B
S0189,George Thomas,Physics,Spring,54,F
S0190,Alice Moore,Economics,Spring,96,A
S0191,Emma Wilson,Chemistry,Fall,89,B
S0192,Emma Taylor,Psychology,Fall,83,B
S0193,David Taylor,Computer Science,Spring,89,B
S0194,Emma Thomas,Chemistry,Fall,67,D
S0195,David Anderson,Math,Fall,99,A
S0196,David Johnson,Physics,Fall,99,A
S0197,Charlie Johnson,History,Spring,85,B
S0198,David Wilson,Biology,Spring,76,C
S0199,George Davis,History,Spring,92,A
S0200,George Brown,Biology,Fall,77,C
S0201,Alice Davis,Economics,Fall,74,C
S0202,Hannah Brown,Physics,Fall,72,C
S0203,George Smith,Chemistry,Fall,94,A
S0204,Bob Davis,Economics,Spring,79,C
S0205,George Wilson,Biology,Spring,53,F
S0206,Fiona Brown,Psychology,Spring,42,F
S0207,Julia Wilson,Science,Spring,94,A
S0208,Alice Smith,Chemistry,Spring,45,F
S0209,David Brown,Chemistry,Spring,67,D
S0210,Emma Wilson,History,Fall,54,F
S0211,Ian Wilson,Math,Fall,73,C
S0212,David Thomas,History,Spring,88,B
S0213,Julia Johnson,Computer Science,Fall,74,C
S0214,Hannah Smith,Biology,Spring,62,D
S0215,Bob Johnson,Psychology,Spring,77,C
S0216,Emma Moore,Physics,Spring,71,C
S0217,Bob Brown,Math,Fall,48,F
S0218,Julia Smith,Physics,Spring,67,D
S0219,Julia Johnson,Chemistry,Fall,55,F
S0220,Charlie Miller,Economics,Spring,67,D
S0221,Bob Thomas,Physics,Fall,45,F
S0222,Julia Davis,Psychology,Spring,45,F
S0223,Emma Johnson,Math,Fall,100,A
S0224,Bob Moore,Computer Science,Spring,43,F
S0225,Ian Anderson,Math,Fall,90,A
S0226,Emma Miller,Computer Science,Spring,62,D
S0227,Hannah Davis,Biology,Spring,78,C
S0228,Fiona Moore,Psychology,Fall,61,D
S0229,Alice Thomas,Economics,Fall,91,A
S0230,Hannah Thomas,History,Fall,67,D
S0231,Alice Thomas,Science,Fall,71,C
S0232,George Smith,Chemistry,Spring,57,F
S0233,Charlie Taylor,Science,Spring,51,F
S0234,Julia Brown,Psychology,Fall,45,F
S0235,Emma Miller,Science,Spring,42,F
S0236,Emma Brown,Computer Science,Spring,48,F
S0237,Alice Moore,English,Fall,53,F
S0238,Hannah Wilson,Math,Spring,75,C
S0239,Hannah Davis,Science,Fall,66,D
S0240,David Brown,Science,Spring,93,A
S0241,Hannah Wilson,Economics,Spring,44,F
S0242,Ian Brown,English,Fall,65,D
S0243,Julia Johnson,Psychology,Fall,45,F
S0244,Emma Moore,Biology,Spring,94,A
S0245,Bob Brown,English,Spring,43,F
S0246,Fiona Anderson,Psychology,Spring,89,B
S0247,Emma Miller,Science,Fall,70,C
S0248,Alice Moore,Math,Spring,63,D
S0249,David Davis,Math,Fall,63,D
S0250,Julia Anderson,English,Spring,48,F
S0251,Charlie Wilson,Psychology,Spring,100,A
S0252,Charlie Johnson,History,Spring,57,F
S0253,Hannah Taylor,English,Spring,73,C
S0254,Hannah Taylor,Physics,Fall,86,B
S0255,David Wilson,Math,Spring,63,D
S0256,Alice Taylor,Economics,Spring,63,D
S0257,Alice Wilson,Economics,Spring,83,B
S0258,George Moore,Economics,Spring,96,A
S0259,Emma Brown,English,Spring,51,F
S0260,Julia Davis,Economics,Spring,42,F
S0261,Charlie Thomas,Chemistry,Spring,44,F
S0262,Fiona Anderson,Psychology,Fall,70,C
S0263,Fiona Wilson,Biology,Spring,63,D
S0264,Emma Thomas,History,Spring,86,B
S0265,David Taylor,Economics,Fall,59,F
S0266,Charlie Brown,Biology,Fall,63,D
S0267,Julia Thomas,Science,Fall,56,F
S0268,George Brown,Physics,Spring,75,C
S0269,Emma Wilson,Chemistry,Spring,98,A
S0270,Alice Moore,Science,Spring,90,A
S0271,Bob Wilson,Computer Science,Fall,46,F
S0272,Bob Moore,Economics,Spring,58,F
S0273,Ian Moore,Economics,Spring,59,F
S0274,Fiona Davis,Science,Fall,49,F
S0275,Fiona Moore,History,Spring,69,D
S0276,Julia Thomas,Math,Spring,67,D
S0277,Emma Taylor,Economics,Spring,48,F
S0278,Charlie Thomas,Psychology,Fall,54,F
S0279,Ian Thomas,Math,Fall,84,B
S0280,Emma Moore,Science,Fall,74,C
S0281,Bob Taylor,Psychology,Spring,93,A
S0282,Emma Johnson,Biology,Spring,67,D
S0283,Alice Smith,History,Spring,55,F
S0284,Alice Miller,English,Fall,90,A
S0285,David Johnson,Psychology,Spring,44,F
S0286,Hannah Anderson,Physics,Spring,89,B
S0287,Julia Wilson,Computer Science,Spring,81,B
S0288,David Brown,Physics,Fall,98,A
S0289,Julia Miller,Economics,Spring,50,F
S0290,Charlie Brown,English,Fall,86,B
S0291,Julia Anderson,Chemistry,Fall,63,D
S0292,Charlie Thomas,Science,Fall,85,B
S0293,Julia Smith,Psychology,Spring,93,A
S0294,Alice Johnson,Chemistry,Spring,45,F
S0295,Charlie Thomas,Economics,Fall,75,C
S0296,Emma Wilson,Psychology,Spring,74,C
S0297,Emma Taylor,Computer Science,Spring,94,A
S0298,Fiona Anderson,History,Fall,73,C
S0299,Charlie Wilson,Physics,Fall,58,F
S0300,Bob Wilson,Biology,Fall,49,F
S0301,Charlie Johnson,Math,Fall,61,D
S0302,David Thomas,History,Fall,54,F
S0303,Fiona Brown,Chemistry,Spring,99,A
S0304,Alice Moore,History,Fall,66,D
S0305,George Brown,Chemistry,Fall,73,C
S0306,Bob Miller,Psychology,Fall,49,F
S0307,Julia Thomas,Computer Science,Spring,93,A
S0308,Fiona Smith,Economics,Spring,86,B
S0309,Alice Taylor,English,Spring,58,F
S0310,David Wilson,Math,Fall,56,F
S0311,Bob Miller,Psychology,Spring,82,B
S0312,Fiona Smith,Physics,Fall,55,F
S0313,George Smith,Physics,Fall,58,F
S0314,Hannah Moore,Chemistry,Fall,92,A
S0315,Bob Johnson,History,Fall,46,F
S0316,Emma Johnson,History,Spring,78,C
S0317,Hannah Davis,Biology,Fall,67,D
S0318,Julia Davis,Math,Fall,50,F
S0319,David Brown,Science,Spring,71,C
S0320,Julia Moore,Science,Fall,89,B
S0321,Charlie Johnson,Physics,Spring,95,A
S0322,Bob Anderson,History,Fall,58,F
S0323,Emma Moore,History,Spring,58,F
S0324,Charlie Anderson,English,Fall,68,D
S0325,George Taylor,Chemistry,Spring,59,F
S0326,Alice Moore,Science,Spring,63,D
S0327,Charlie Brown,Psychology,Fall,90,A
S0328,Alice Miller,Chemistry,Spring,45,F
S0329,Ian Brown,Economics,Fall,54,F
S0330,Alice Moore,Science,Spring,98,A
S0331,Hannah Smith,Physics,Fall,47,F
S0332,Alice Wilson,Economics,Fall,87,B
S0333,George Taylor,Science,Fall,97,A
S0334,Emma Thomas,Physics,Fall,76,C
S0335,Charlie Thomas,Science,Fall,67,D
S0336,Fiona Johnson,Physics,Fall,66,D
S0337,David Brown,Science,Spring,96,A
S0338,Charlie Davis,English,Fall,62,D
S0339,George Johnson,Biology,Spring,86,B
S0340,Julia Anderson,Computer Science,Spring,65,D
S0341,Fiona Miller,English,Fall,44,F
S0342,Hannah Taylor,History,Spring,92,A
S0343,David Thomas,Psychology,Spring,90,A
S0344,Ian Thomas,Psychology,Fall,98,A
S0345,Fiona Smith,Math,Spring,46,F
S0346,Ian Moore,Physics,Fall,71,C
S0347,Ian Brown,Chemistry,Fall,99,A
S0348,Emma Thomas,Physics,Fall,79,C
S0349,Julia Miller,Chemistry,Fall,51,F
S0350,Bob Thomas,History,Fall,58,F
S0351,Alice Wilson,Economics,Spring,77,C
S0352,Julia Moore,Math,Spring,42,F
S0353,Charlie Smith,Math,Spring,50,F
S0354,Emma Johnson,History,Spring,56,F
S0355,Fiona Davis,Economics,Fall,67,D
S0356,Emma Johnson,Science,Spring,72,C
S0357,Alice Thomas,English,Fall,46,F
S0358,Emma Smith,English,Fall,66,D
S0359,Bob Brown,Math,Spring,40,F
S0360,Fiona Smith,Biology,Fall,98,A
S0361,George Brown,Psychology,Fall,42,F
S0362,Hannah Anderson,English,Spring,95,A
S0363,David Brown,Math,Fall,41,F
S0364,Fiona Smith,Computer Science,Fall,100,A
S0365,Charlie Taylor,Psychology,Spring,46,F
S0366,George Taylor,History,Spring,84,B
S0367,Emma Moore,Chemistry,Spring,62,D
S0368,Ian Smith,History,Spring,99,A
S0369,George Thomas,English,Fall,58,F
S0370,Charlie Johnson,Psychology,Fall,55,F
S0371,Hannah Davis,Math,Fall,65,D
S0372,Fiona Brown,Computer Science,Fall,67,D
S0373,Charlie Davis,History,Fall,60,D
S0374,David Moore,Science,Spring,50,F
S0375,Charlie Brown,Psychology,Spring,77,C
S0376,David Moore,Psychology,Spring,82,B
S0377,Bob Brown,Chemistry,Fall,96,A
S0378,Julia Taylor,Biology,Spring,90,A
S0379,Alice Brown,History,Spring,49,F
S0380,Emma Miller,Economics,Spring,72,C
S0381,Charlie Miller,Computer Science,Fall,51,F
S0382,Fiona Taylor,Physics,Fall,75,C
S0383,Bob Thomas,Math,Spring,79,C
S0384,George Taylor,Psychology,Spring,47,F
S0385,David Johnson,Economics,Fall,52,F
S0386,Bob Brown,Chemistry,Fall,92,A
S0387,George Wilson,Physics,Fall,73,C
S0388,Bob Wilson,Science,Spring,70,C
S0389,Julia Miller,Math,Fall,87,B
S0390,Emma Wilson,Biology,Spring,96,A
S0391,Fiona Anderson,History,Spring,70,C
S0392,Bob Brown,Math,Spring,53,F
S0393,David Brown,English,Fall,93,A
S0394,George Smith,History,Spring,76,C
S0395,Fiona Miller,Chemistry,Fall,79,C
S0396,Ian Brown,Chemistry,Spring,43,F
S0397,Hannah Thomas,Math,Fall,53,F
S0398,David Thomas,Chemistry,Fall,44,F
S0399,Hannah Taylor,Economics,Spring,76,C
S0400,Fiona Thomas,Math,Spring,73,C
S0401,George Johnson,Math,Fall,90,A
S0402,Emma Brown,Chemistry,Fall,82,B
S0403,Hannah Thomas,Biology,Spring,88,B
S0404,Bob Thomas,Science,Spring,89,B
S0405,Ian Smith,Chemistry,Fall,68,D
S0406,George Moore,Psychology,Fall,100,A
S0407,Bob Wilson,Physics,Fall,51,F
S0408,David Moore,Economics,Spring,93,A
S0409,Ian Johnson,Chemistry,Spring,62,D
S0410,Fiona Miller,Chemistry,Spring,41,F
S0411,Ian Anderson,Biology,Fall,77,C
S0412,Ian Johnson,Chemistry,Spring,98,A
S0413,Ian Davis,Psychology,Spring,90,A
S0414,Emma Davis,Science,Spring,93,A
S0415,Emma Johnson,Biology,Spring,61,D
S0416,Charlie Taylor,Biology,Spring,90,A
S0417,George Brown,Math,Spring,51,F
S0418,Fiona Moore,Science,Spring,55,F
S0419,Fiona Wilson,English,Spring,88,B
S0420,Fiona Thomas,History,Fall,85,B
S0421,Hannah Miller,Physics,Spring,98,A
S0422,Ian Davis,Chemistry,Spring,100,A
S0423,Hannah Anderson,Economics,Fall,70,C
S0424,Fiona Taylor,Psychology,Spring,51,F
S0425,Alice Moore,Chemistry,Spring,54,F
S0426,Ian Moore,Economics,Spring,98,A
S0427,Fiona Thomas,Computer Science,Fall,60,D
S0428,Hannah Miller,Computer Science,Fall,58,F
S0429,Ian Johnson,English,Spring,40,F
S0430,Charlie Davis,History,Spring,66,D
S0431,Charlie Johnson,Science,Spring,43,F
S0432,Hannah Davis,History,Spring,84,B
S0433,Fiona Taylor,Psychology,Fall,45,F
S0434,Alice Taylor,Physics,Spring,82,B
S0435,Emma Smith,English,Spring,90,A
S0436,Ian Moore,English,Fall,47,F
S0437,Emma Wilson,Chemistry,Fall,63,D
S0438,George Taylor,Biology,Fall,42,F
S0439,Julia Taylor,Physics,Spring,42,F
S0440,Hannah Smith,Biology,Fall,71,C
S0441,Bob Smith,History,Spring,60,D
S0442,David Wilson,Chemistry,Fall,98,A
S0443,George Johnson,Physics,Fall,52,F
S0444,Charlie Davis,Math,Fall,80,B
S0445,Bob Brown,Physics,Spring,59,F
S0446,George Moore,Biology,Fall,52,F
S0447,Fiona Wilson,Computer Science,Spring,71,C
S0448,Alice Johnson,Psychology,Fall,41,F
S0449,Fiona Brown,Science,Fall,42,F
S0450,Ian Anderson,Physics,Fall,97,A
S0451,Emma Anderson,Economics,Spring,94,A
S0452,Fiona Moore,Science,Fall,44,F
S0453,David Wilson,Computer Science,Spring,63,D
S0454,Emma Brown,Psychology,Spring,62,D
S0455,Charlie Wilson,Computer Science,Spring,68,D
S0456,Emma Brown,Science,Fall,91,A
S0457,George Moore,English,Spring,76,C
S0458,Hannah Smith,Chemistry,Spring,84,B
S0459,Hannah Smith,Physics,Spring,79,C
S0460,David Anderson,Economics,Fall,90,A
S0461,Julia Johnson,History,Fall,62,D
S0462,Ian Taylor,Computer Science,Fall,86,B
S0463,George Miller,Chemistry,Spring,48,F
S0464,Fiona Thomas,Physics,Fall,98,A
S0465,Fiona Brown,Economics,Fall,66,D
S0466,David Davis,Chemistry,Spring,54,F
S0467,Hannah Wilson,Economics,Fall,52,F
S0468,George Wilson,Psychology,Spring,53,F
S0469,Ian Moore,Physics,Fall,97,A
S0470,Hannah Wilson,Chemistry,Fall,71,C
S0471,Julia Anderson,History,Spring,93,A
S0472,Bob Johnson,Computer Science,Fall,98,A
S0473,David Davis,Economics,Fall,62,D
S0474,Fiona Wilson,Biology,Spring,61,D
S0475,Ian Moore,Physics,Fall,74,C
S0476,George Miller,Physics,Spring,100,A
S0477,Hannah Taylor,Economics,Spring,59,F
S0478,Emma Davis,Physics,Spring,90,A
S0479,Ian Davis,Economics,Spring,86,B
S0480,Julia Brown,Economics,Fall,92,A
S0481,Bob Anderson,Computer Science,Fall,62,D
S0482,Emma Taylor,Economics,Spring,40,F
S0483,Charlie Miller,Economics,Spring,44,F
S0484,Charlie Brown,Computer Science,Spring,68,D
S0485,Fiona Brown,English,Spring,74,C
S0486,Bob Smith,Economics,Spring,73,C
S0487,Alice Brown,Chemistry,Spring,86,B
S0488,Ian Brown,Chemistry,Spring,50,F
S0489,Ian Anderson,Computer Science,Spring,93,A
S0490,Julia Anderson,English,Fall,70,C
S0491,Hannah Smith,English,Fall,49,F
S0492,Charlie Taylor,Psychology,Spring,88,B
S0493,Alice Thomas,Biology,Spring,83,B
S0494,George Miller,Math,Fall,89,B
S0495,Fiona Wilson,Physics,Fall,83,B
S0496,Charlie Wilson,Computer Science,Spring,87,B
S0497,Hannah Wilson,Physics,Spring,74,C
S0498,Charlie Wilson,Economics,Spring,55,F
S0499,Charlie Miller,Psychology,Spring,81,B
S0500,Julia Thomas,Chemistry,Fall,48,F
S0501,Charlie Miller,Chemistry,Fall,83,B
S0502,Charlie Thomas,Science,Fall,82,B
S0503,Julia Wilson,History,Fall,41,F
S0504,Charlie Miller,Economics,Spring,71,C
S0505,Hannah Moore,Chemistry,Spring,83,B
S0506,Ian Smith,Economics,Fall,42,F
S0507,David Smith,Math,Fall,95,A
S0508,David Smith,Economics,Spring,94,A
S0509,Ian Davis,Science,Spring,81,B
S0510,Bob Anderson,Biology,Fall,72,C
S0511,George Taylor,Psychology,Spring,78,C
S0512,Julia Thomas,English,Spring,78,C
S0513,Charlie Miller,Chemistry,Spring,59,F
S0514,Fiona Moore,Biology,Fall,47,F
S0515,Fiona Brown,Biology,Fall,41,F
S0516,Charlie Anderson,Biology,Fall,60,D
S0517,Bob Wilson,Biology,Fall,55,F
S0518,George Brown,History,Fall,50,F
S0519,Fiona Davis,History,Fall,80,B
S0520,Hannah Davis,Science,Spring,78,C
S0521,Alice Taylor,Biology,Fall,44,F
S0522,Ian Johnson,Economics,Spring,77,C
S0523,Ian Smith,English,Fall,54,F
S0524,Ian Thomas,English,Spring,80,B
S0525,Alice Moore,Chemistry,Fall,98,A
S0526,George Miller,Physics,Spring,54,F
S0527,Emma Johnson,Economics,Fall,46,F
S0528,Ian Anderson,History,Spring,84,B
S0529,Bob Davis,History,Fall,62,D
S0530,David Anderson,Physics,Spring,68,D
S0531,Fiona Taylor,Science,Fall,52,F
S0532,Fiona Miller,Chemistry,Fall,91,A
S0533,Julia Johnson,Chemistry,Spring,52,F
S0534,David Taylor,History,Spring,58,F
S0535,George Johnson,Math,Spring,62,D
S0536,Bob Miller,Math,Spring,63,D
S0537,Emma Moore,Science,Fall,54,F
S0538,Bob Smith,Math,Fall,61,D
S0539,Alice Johnson,Economics,Spring,79,C
S0540,Alice Brown,Psychology,Fall,100,A
S0541,Ian Wilson,Science,Spring,86,B
S0542,Hannah Johnson,History,Fall,68,D
S0543,George Wilson,Chemistry,Spring,41,F
S0544,David Davis,Physics,Spring,44,F
S0545,Ian Wilson,Physics,Spring,97,A
S0546,Julia Miller,Math,Fall,56,F
S0547,Julia Anderson,Science,Fall,94,A
S0548,Alice Wilson,Physics,Fall,63,D
S0549,George Smith,Science,Fall,44,F
S0550,Julia Wilson,Psychology,Fall,59,F
S0551,Hannah Wilson,Computer Science,Spring,69,D
S0552,Emma Thomas,Economics,Fall,76,C
S0553,Emma Taylor,English,Spring,93,A
S0554,Emma Davis,History,Spring,52,F
S0555,David Davis,Computer Science,Fall,63,D
S0556,Bob Johnson,Chemistry,Fall,73,C
S0557,Charlie Moore,Biology,Spring,57,F
S0558,Charlie Thomas,English,Spring,100,A
S0559,Ian Johnson,English,Spring,81,B
S0560,Charlie Smith,Biology,Fall,54,F
S0561,Emma Miller,Biology,Fall,96,A
S0562,Alice Johnson,Economics,Fall,73,C
S0563,Ian Anderson,Computer Science,Fall,90,A
S0564,George Moore,Computer Science,Fall,64,D
S0565,George Brown,English,Fall,81,B
S0566,Hannah Davis,Math,Spring,45,F
S0567,Alice Moore,Economics,Spring,56,F
S0568,Bob Wilson,History,Spring,66,D
S0569,Charlie Davis,Biology,Fall,58,F
S0570,Charlie Taylor,Economics,Spring,46,F
S0571,Hannah Smith,Computer Science,Fall,57,F
S0572,Julia Anderson,Science,Spring,58,F
S0573,Charlie Moore,Science,Spring,91,A
S0574,Bob Davis,Physics,Fall,77,C
S0575,Julia Miller,Computer Science,Spring,49,F
S0576,Hannah Brown,Psychology,Spring,51,F
S0577,Charlie Moore,English,Fall,45,F
S0578,Fiona Brown,Chemistry,Spring,61,D
S0579,Bob Moore,History,Fall,92,A
S0580,David Miller,History,Spring,55,F
S0581,David Thomas,History,Fall,88,B
S0582,Ian Smith,English,Fall,65,D
S0583,David Johnson,English,Spring,56,F
S0584,George Miller,Psychology,Spring,53,F
S0585,David Taylor,Psychology,Fall,89,B
S0586,Alice Anderson,Physics,Fall,41,F
S0587,David Smith,Chemistry,Fall,64,D
S0588,Fiona Thomas,History,Fall,93,A
S0589,David Moore,English,Fall,92,A
S0590,Bob Brown,Science,Spring,75,C
S0591,Bob Johnson,English,Fall,47,F
S0592,David Moore,Psychology,Spring,89,B
S0593,Alice Thomas,Chemistry,Fall,53,F
S0594,David Anderson,Physics,Spring,75,C
S0595,George Smith,English,Spring,64,D
S0596,Julia Anderson,English,Spring,72,C
S0597,Julia Anderson,Computer Science,Spring,84,B
S0598,Emma Brown,Psychology,Fall,48,F
S0599,Alice Thomas,History,Spring,53,F
S0600,Fiona Thomas,Science,Spring,98,A
S0601,David Taylor,English,Spring,66,D
S0602,Bob Smith,Science,Fall,61,D
S0603,Julia Thomas,Science,Fall,83,B
S0604,Julia Davis,Economics,Fall,83,B
S0605,Fiona Taylor,Economics,Fall,65,D
S0606,Emma Wilson,History,Fall,43,F
S0607,Fiona Brown,Biology,Spring,100,A
S0608,Alice Miller,Economics,Fall,65,D
S0609,Alice Davis,Biology,Spring,86,B
S0610,Charlie Taylor,English,Fall,90,A
S0611,Ian Johnson,Math,Spring,44,F
S0612,Fiona Davis,Chemistry,Spring,76,C
S0613,Bob Wilson,English,Spring,56,F
S0614,David Davis,Psychology,Fall,43,F
S0615,George Smith,Physics,Fall,87,B
S0616,Emma Miller,Physics,Spring,77,C
S0617,Charlie Smith,History,Spring,44,F
S0618,George Anderson,Biology,Spring,55,F
S0619,Charlie Davis,Biology,Fall,42,F
S0620,Charlie Wilson,Math,Fall,65,D
S0621,George Thomas,Chemistry,Spring,77,C
S0622,Emma Davis,Psychology,Spring,74,C
S0623,Charlie Anderson,History,Spring,94,A
S0624,Charlie Brown,Chemistry,Spring,56,F
S0625,George Thomas,Computer Science,Spring,90,A
S0626,Fiona Davis,Economics,Fall,69,D
S0627,Bob Wilson,Biology,Fall,62,D
S0628,George Moore,English,Spring,50,F
S0629,Julia Moore,Chemistry,Spring,53,F
S0630,Ian Smith,Psychology,Fall,55,F
S0631,Fiona Moore,Science,Spring,83,B
S0632,Alice Brown,Physics,Spring,65,D
S0633,Charlie Moore,Computer Science,Spring,82,B
S0634,Emma Thomas,Biology,Fall,46,F
S0635,Bob Brown,Physics,Fall,44,F
S0636,David Brown,Psychology,Spring,86,B
S0637,Hannah Brown,Computer Science,Spring,83,B
S0638,Ian Taylor,English,Fall,41,F
S0639,Fiona Davis,Biology,Spring,78,C
S0640,Alice Wilson,Science,Fall,57,F
S0641,David Brown,Economics,Spring,65,D
S0642,Ian Brown,English,Fall,94,A
S0643,Alice Thomas,Chemistry,Fall,67,D
S0644,Julia Moore,Biology,Fall,79,C
S0645,David Moore,Chemistry,Spring,58,F
S0646,Hannah Taylor,Physics,Fall,51,F
S0647,Alice Davis,Economics,Spring,99,A
S0648,Hannah Johnson,Economics,Fall,63,D
S0649,Bob Anderson,History,Spring,49,F
S0650,Hannah Wilson,Physics,Spring,69,D
S0651,Bob Brown,History,Spring,87,B
S0652,Emma Johnson,Computer Science,Fall,82,B
S0653,Hannah Anderson,Biology,Spring,98,A
S0654,George Smith,Biology,Spring,89,B
S0655,Hannah Moore,Psychology,Spring,91,A
S0656,Bob Wilson,Chemistry,Fall,46,F
S0657,Bob Taylor,Chemistry,Fall,45,F
S0658,Hannah Smith,Physics,Fall,94,A
S0659,Charlie Moore,Biology,Fall,50,F
S0660,Alice Johnson,English,Spring,62,D
S0661,Hannah Taylor,Math,Spring,73,C
S0662,Fiona Miller,Computer Science,Spring,89,B
S0663,Fiona Davis,Math,Fall,64,D
S0664,Alice Miller,History,Spring,53,F
S0665,Ian Anderson,Physics,Fall,54,F
S0666,David Miller,Biology,Spring,54,F
S0667,Charlie Wilson,Psychology,Spring,96,A
S0668,Ian Taylor,Physics,Spring,47,F
S0669,Bob Brown,History,Fall,55,F
S0670,Charlie Brown,History,Fall,57,F
S0671,Emma Johnson,Chemistry,Fall,93,A
S0672,David Anderson,English,Fall,65,D
S0673,Hannah Johnson,Science,Fall,47,F
S0674,Hannah Wilson,Biology,Fall,100,A
S0675,Hannah Brown,Economics,Spring,87,B
S0676,Bob Miller,English,Spring,67,D
S0677,Hannah Moore,Computer Science,Spring,66,D
S0678,Julia Smith,Computer Science,Spring,46,F
S0679,Emma Wilson,Computer Science,Fall,85,B
S0680,Emma Miller,Science,Spring,44,F
S0681,Emma Wilson,Computer Science,Fall,96,A
S0682,Bob Brown,History,Fall,74,C
S0683,David Miller,English,Spring,97,A
S0684,Emma Anderson,Psychology,Spring,93,A
S0685,Emma Wilson,History,Spring,95,A
S0686,Julia Moore,Physics,Fall,52,F
S0687,Charlie Moore,English,Spring,96,A
S0688,Hannah Moore,Science,Spring,96,A
S0689,Alice Brown,Computer Science,Spring,87,B
S0690,Julia Davis,Chemistry,Spring,97,A
S0691,David Davis,English,Spring,92,A
S0692,Alice Smith,Math,Fall,73,C
S0693,Charlie Miller,Psychology,Spring,58,F
S0694,Emma Anderson,Psychology,Spring,75,C
S0695,Charlie Miller,Economics,Spring,93,A
S0696,David Moore,Physics,Fall,56,F
S0697,Alice Davis,Science,Fall,93,A
S0698,Fiona Moore,Computer Science,Spring,48,F
S0699,Fiona Brown,Computer Science,Fall,41,F
S0700,Charlie Miller,Psychology,Fall,100,A
S0701,Ian Johnson,Chemistry,Fall,59,F
S0702,Ian Miller,Computer Science,Spring,100,A
S0703,Fiona Davis,Physics,Spring,45,F
S0704,Emma Anderson,Math,Spring,58,F
S0705,Hannah Davis,Math,Fall,94,A
S0706,Julia Taylor,Computer Science,Spring,83,B
S0707,David Thomas,Psychology,Spring,98,A
S0708,Charlie Anderson,Math,Spring,80,B
S0709,Hannah Smith,Psychology,Fall,46,F
S0710,Alice Brown,Psychology,Fall,61,D
S0711,Emma Wilson,Economics,Fall,65,D
S0712,David Thomas,Math,Fall,91,A
S0713,Alice Thomas,English,Fall,68,D
S0714,David Wilson,Science,Fall,100,A
S0715,Julia Moore,History,Fall,78,C
S0716,Alice Smith,English,Fall,75,C
S0717,Fiona Johnson,English,Spring,47,F
S0718,George Thomas,Science,Fall,40,F
S0719,Charlie Wilson,Math,Fall,55,F
S0720,Charlie Davis,History,Spring,45,F
S0721,Bob Wilson,Math,Fall,59,F
S0722,Fiona Moore,Computer Science,Fall,58,F
S0723,David Wilson,Psychology,Fall,45,F
S0724,David Johnson,Psychology,Fall,77,C
S0725,Alice Anderson,English,Fall,70,C
S0726,Charlie Brown,Psychology,Fall,67,D
S0727,Fiona Davis,English,Fall,99,A
S0728,Julia Taylor,Physics,Fall,71,C
S0729,Charlie Smith,Biology,Fall,90,A
S0730,Hannah Taylor,Psychology,Spring,75,C
S0731,Emma Brown,English,Spring,51,F
S0732,Alice Moore,English,Spring,41,F
S0733,Fiona Brown,History,Fall,93,A
S0734,Fiona Brown,Economics,Spring,86,B
S0735,Ian Miller,Chemistry,Fall,72,C
S0736,George Miller,Psychology,Fall,44,F
S0737,Ian Wilson,Science,Spring,92,A
S0738,Hannah Miller,Chemistry,Fall,51,F
S0739,Julia Moore,Psychology,Fall,63,D
S0740,Julia Davis,Psychology,Spring,73,C
S0741,Bob Thomas,Physics,Spring,50,F
S0742,Fiona Davis,Chemistry,Fall,44,F
S0743,Julia Johnson,Computer Science,Fall,99,A
S0744,George Thomas,Psychology,Spring,89,B
S0745,Julia Smith,Math,Fall,69,D
S0746,Ian Brown,Economics,Fall,74,C
S0747,Emma Thomas,Math,Fall,74,C
S0748,Charlie Thomas,Biology,Fall,100,A
S0749,Fiona Miller,History,Spring,84,B
S0750,David Wilson,Physics,Fall,83,B
S0751,George Taylor,Computer Science,Fall,97,A
S0752,Bob Thomas,English,Fall,44,F
S0753,David Brown,Psychology,Spring,70,C
S0754,Fiona Thomas,Physics,Spring,72,C
S0755,Bob Miller,Physics,Spring,63,D
S0756,Ian Miller,Computer Science,Fall,48,F
S0757,Fiona Moore,Physics,Fall,64,D
S0758,Fiona Wilson,History,Fall,72,C
S0759,Ian Thomas,Science,Spring,58,F
S0760,Alice Wilson,Economics,Spring,100,A
S0761,Charlie Miller,Computer Science,Spring,80,B
S0762,Ian Miller,Biology,Fall,61,D
S0763,Julia Moore,Biology,Fall,69,D
S0764,George Moore,Science,Fall,56,F
S0765,Alice Moore,English,Fall,48,F
S0766,Bob Anderson,Math,Fall,60,D
S0767,Emma Miller,Physics,Spring,60,D
S0768,Ian Johnson,Biology,Spring,91,A
S0769,Bob Brown,Science,Spring,77,C
S0770,Hannah Johnson,Economics,Fall,50,F
S0771,Charlie Davis,Science,Fall,47,F
S0772,Bob Brown,Physics,Fall,74,C
S0773,David Davis,Physics,Fall,58,F
S0774,Ian Thomas,Economics,Spring,54,F
S0775,Bob Anderson,Math,Spring,73,C
S0776,Julia Johnson,Economics,Fall,64,D
S0777,Hannah Johnson,Computer Science,Fall,69,D
S0778,Charlie Thomas,Psychology,Fall,83,B
S0779,Julia Taylor,Computer Science,Fall,52,F
S0780,Bob Anderson,English,Fall,100,A
S0781,Ian Anderson,History,Spring,59,F
S0782,Alice Wilson,Economics,Spring,93,A
S0783,Fiona Smith,Economics,Spring,41,F
S0784,Emma Johnson,Psychology,Spring,100,A
S0785,Alice Thomas,History,Spring,85,B
S0786,George Anderson,History,Spring,52,F
S0787,George Johnson,English,Spring,86,B
S0788,Charlie Wilson,English,Fall,43,F
S0789,Julia Smith,Chemistry,Fall,60,D
S0790,George Smith,Science,Fall,76,C
S0791,Ian Thomas,Science,Fall,83,B
S0792,Emma Anderson,Biology,Fall,97,A
S0793,Emma Davis,Biology,Fall,58,F
S0794,David Smith,Economics,Spring,57,F
S0795,George Johnson,History,Fall,60,D
S0796,Alice Anderson,Science,Fall,91,A
S0797,Charlie Moore,Science,Fall,93,A
S0798,Alice Miller,Computer Science,Fall,67,D
S0799,Ian Davis,Science,Fall,94,A
S0800,Bob Miller,Computer Science,Fall,41,F
S0801,Emma Moore,Biology,Spring,40,F
S0802,David Moore,Biology,Spring,66,D
S0803,Ian Brown,Computer Science,Fall,55,F
S0804,George Smith,History,Spring,40,F
S0805,Alice Johnson,Chemistry,Fall,95,A
S0806,David Taylor,English,Fall,51,F
S0807,Bob Miller,English,Fall,68,D
S0808,Ian Davis,English,Spring,84,B
S0809,George Moore,Computer Science,Fall,67,D
S0810,Bob Johnson,Computer Science,Fall,73,C
S0811,Julia Anderson,Physics,Spring,55,F
S0812,Alice Brown,Economics,Fall,79,C
S0813,Ian Smith,English,Spring,76,C
S0814,Bob Moore,Physics,Fall,87,B
S0815,Julia Wilson,Chemistry,Fall,61,D
S0816,Bob Moore,Physics,Fall,74,C
S0817,Charlie Smith,Economics,Spring,43,F
S0818,Julia Moore,English,Spring,78,C
S0819,Emma Brown,Science,Fall,80,B
S0820,Bob Taylor,Math,Fall,49,F
S0821,Fiona Johnson,History,Fall,74,C
S0822,David Brown,English,Spring,41,F
S0823,Emma Taylor,History,Fall,99,A
S0824,George Davis,Economics,Spring,79,C
S0825,Fiona Johnson,Chemistry,Fall,60,D
S0826,Charlie Smith,Physics,Spring,60,D
S0827,Bob Johnson,Physics,Fall,57,F
S0828,Hannah Brown,Psychology,Spring,61,D
S0829,Fiona Thomas,History,Spring,68,D
S0830,Hannah Johnson,Science,Spring,57,F
S0831,Bob Smith,Math,Spring,53,F
S0832,George Anderson,Science,Spring,47,F
S0833,George Davis,Biology,Spring,78,C
S0834,Hannah Davis,Psychology,Spring,87,B
S0835,Charlie Miller,Physics,Fall,96,A
S0836,Alice Thomas,Science,Spring,53,F
S0837,Charlie Brown,Science,Spring,75,C
S0838,Ian Moore,Psychology,Spring,92,A
S0839,Emma Smith,Physics,Fall,55,F
S0840,Hannah Smith,Economics,Spring,79,C
S0841,Alice Moore,Chemistry,Fall,64,D
S0842,Emma Johnson,Economics,Fall,70,C
S0843,Charlie Moore,Chemistry,Fall,70,C
S0844,George Taylor,Biology,Spring,95,A
S0845,Ian Davis,Psychology,Fall,87,B
S0846,Emma Moore,Psychology,Spring,41,F
S0847,Alice Johnson,Biology,Fall,46,F
S0848,Charlie Johnson,Biology,Spring,54,F
S0849,Julia Davis,Biology,Spring,69,D
S0850,Bob Davis,Science,Spring,68,D
S0851,Bob Brown,Biology,Spring,91,A
S0852,Charlie Miller,History,Spring,62,D
S0853,George Miller,Physics,Fall,62,D
S0854,Hannah Davis,Math,Fall,84,B
S0855,George Moore,Economics,Fall,84,B
S0856,Fiona Thomas,Science,Spring,60,D
S0857,Julia Davis,Economics,Fall,95,A
S0858,Hannah Moore,Biology,Spring,53,F
S0859,Fiona Thomas,Computer Science,Spring,50,F
S0860,George Smith,Math,Spring,88,B
S0861,Fiona Smith,Economics,Spring,67,D
S0862,Bob Smith,Physics,Fall,54,F
S0863,Alice Smith,Biology,Spring,87,B
S0864,David Brown,Chemistry,Spring,83,B
S0865,Ian Taylor,Physics,Fall,58,F
S0866,Julia Moore,Science,Spring,97,A
S0867,Ian Anderson,Biology,Spring,85,B
S0868,Bob Wilson,Physics,Fall,83,B
S0869,Charlie Anderson,Chemistry,Fall,80,B
S0870,George Thomas,Chemistry,Spring,83,B
S0871,Fiona Davis,Economics,Fall,51,F
S0872,Ian Johnson,English,Spring,77,C
S0873,George Wilson,Economics,Spring,75,C
S0874,Alice Anderson,Physics,Spring,56,F
S0875,David Anderson,Computer Science,Fall,41,F
S0876,Emma Taylor,Psychology,Spring,71,C
S0877,Ian Brown,History,Fall,94,A
S0878,Charlie Davis,Biology,Spring,77,C
S0879,Fiona Moore,Math,Spring,90,A
S0880,Fiona Taylor,Science,Spring,86,B
S0881,Alice Wilson,Science,Fall,49,F
S0882,George Brown,Physics,Spring,46,F
S0883,Ian Thomas,Math,Fall,45,F
S0884,Alice Johnson,English,Spring,55,F
S0885,Charlie Moore,Math,Spring,91,A
S0886,Fiona Thomas,Chemistry,Spring,93,A
S0887,Fiona Wilson,Math,Spring,85,B
S0888,David Brown,Physics,Spring,67,D
S0889,David Brown,Computer Science,Fall,61,D
S0890,David Moore,Psychology,Fall,82,B
S0891,David Miller,Physics,Spring,94,A
S0892,Hannah Miller,Psychology,Fall,91,A
S0893,Emma Anderson,History,Spring,93,A
S0894,Fiona Davis,Physics,Spring,100,A
S0895,Emma Smith,Physics,Spring,62,D
S0896,Fiona Taylor,History,Fall,71,C
S0897,Alice Johnson,Chemistry,Fall,59,F
S0898,Alice Moore,Physics,Spring,90,A
S0899,Charlie Wilson,Math,Fall,89,B
S0900,Charlie Taylor,Computer Science,Spring,90,A
S0901,Fiona Thomas,History,Fall,68,D
S0902,George Brown,Economics,Spring,82,B
S0903,Ian Wilson,English,Fall,71,C
S0904,Bob Davis,Math,Spring,47,F
S0905,Julia Taylor,Computer Science,Fall,79,C
S0906,Julia Wilson,Psychology,Fall,88,B
S0907,Emma Miller,Science,Spring,96,A
S0908,Fiona Wilson,Psychology,Spring,48,F
S0909,George Taylor,Psychology,Spring,66,D
S0910,Charlie Wilson,History,Fall,73,C
S0911,Fiona Davis,English,Fall,53,F
S0912,Bob Davis,Physics,Fall,87,B
S0913,David Brown,Math,Spring,66,D
S0914,Hannah Miller,Science,Spring,85,B
S0915,Alice Davis,Math,Fall,48,F
S0916,Emma Johnson,Science,Fall,76,C
S0917,Bob Brown,Physics,Spring,43,F
S0918,Bob Davis,Science,Fall,80,B
S0919,Bob Wilson,History,Fall,84,B
S0920,Bob Anderson,Chemistry,Fall,84,B
S0921,George Johnson,Physics,Fall,63,D
S0922,Emma Johnson,Science,Fall,80,B
S0923,Hannah Wilson,History,Spring,48,F
S0924,Julia Taylor,Computer Science,Spring,51,F
S0925,Emma Moore,History,Spring,100,A
S0926,George Wilson,Economics,Spring,77,C
S0927,Ian Moore,Economics,Spring,84,B
S0928,Ian Smith,English,Fall,85,B
S0929,Julia Taylor,Physics,Spring,77,C
S0930,George Davis,Economics,Fall,57,F
S0931,George Anderson,English,Spring,73,C
S0932,Emma Moore,Math,Fall,81,B
S0933,Julia Anderson,Chemistry,Fall,41,F
S0934,Julia Thomas,English,Fall,96,A
S0935,Bob Johnson,Math,Spring,50,F
S0936,Emma Miller,Computer Science,Fall,73,C
S0937,Charlie Wilson,Psychology,Spring,60,D
S0938,Bob Smith,History,Fall,94,A
S0939,Julia Miller,Physics,Fall,65,D
S0940,Alice Thomas,Biology,Spring,58,F
S0941,Alice Taylor,Computer Science,Fall,81,B
S0942,Charlie Brown,Chemistry,Spring,55,F
S0943,David Smith,Science,Fall,59,F
S0944,Hannah Smith,History,Fall,68,D
S0945,George Thomas,Chemistry,Fall,73,C
S0946,Charlie Davis,Math,Fall,64,D
S0947,Bob Wilson,Economics,Fall,90,A
S0948,Bob Moore,Chemistry,Spring,49,F
S0949,Emma Brown,Economics,Fall,64,D
S0950,George Smith,Physics,Fall,85,B
S0951,Emma Davis,Economics,Fall,55,F
S0952,Fiona Taylor,Physics,Spring,65,D
S0953,Ian Miller,History,Fall,47,F
S0954,George Moore,Physics,Spring,50,F
S0955,George Wilson,Biology,Spring,68,D
S0956,Emma Taylor,Biology,Fall,61,D
S0957,Alice Moore,Chemistry,Fall,81,B
S0958,Emma Smith,Computer Science,Spring,80,B
S0959,Julia Davis,History,Spring,94,A
S0960,Bob Johnson,Biology,Spring,45,F
S0961,Julia Miller,Physics,Spring,70,C
S0962,Alice Smith,English,Spring,77,C
S0963,Alice Thomas,English,Spring,83,B
S0964,George Davis,English,Spring,78,C
S0965,Emma Moore,Economics,Spring,67,D
S0966,George Taylor,Economics,Fall,76,C
S0967,Julia Thomas,Economics,Fall,59,F
S0968,George Johnson,Chemistry,Spring,78,C
S0969,Ian Smith,English,Spring,50,F
S0970,Alice Brown,Economics,Spring,79,C
S0971,Emma Johnson,History,Spring,72,C
S0972,David Miller,Economics,Fall,84,B
S0973,Alice Miller,Math,Spring,50,F
S0974,David Thomas,Physics,Spring,70,C
S0975,Fiona Johnson,Psychology,Fall,61,D
S0976,Julia Wilson,History,Fall,51,F
S0977,Emma Taylor,History,Spring,54,F
S0978,Charlie Brown,Computer Science,Spring,81,B
S0979,Bob Davis,Economics,Fall,68,D
S0980,Bob Johnson,Biology,Spring,97,A
S0981,Emma Wilson,History,Spring,81,B
S0982,Charlie Taylor,Economics,Fall,66,D
S0983,Alice Taylor,Biology,Fall,78,C
S0984,Julia Smith,Math,Spring,68,D
S0985,Emma Wilson,Physics,Spring,88,B
S0986,Alice Wilson,Economics,Spring,69,D
S0987,Emma Anderson,Chemistry,Fall,99,A
S0988,Charlie Wilson,Physics,Spring,100,A
S0989,Alice Smith,Math,Spring,64,D
S0990,Bob Smith,History,Spring,64,D
S0991,Ian Smith,Economics,Spring,72,C
S0992,Emma Anderson,Chemistry,Fall,68,D
S0993,Alice Brown,History,Spring,74,C
S0994,David Anderson,Biology,Spring,59,F
S0995,Alice Thomas,Science,Spring,57,F
S0996,Hannah Thomas,History,Spring,41,F
S0997,Julia Moore,Math,Spring,75,C
S0998,Ian Miller,Chemistry,Spring,41,F
S0999,David Taylor,English,Spring,74,C
S1000,Bob Smith,History,Fall,45,F
